№ п/п; Фамилия; Имя; Номер телефона; Адрес эл.почты
1; Воронцова; Любовь; 89550958096; ljubov-vorontsova4898@bk.ru
2; Трофимова; Надежда; 89534519025; nadezhda-trofimova626@yandex.ru
3; Щербакова; Тамара; 89276121009; tamara-scherbakova2126@yandex.ru
4; Субботин; Платон; 89652875082; platon-subbotin3393@yandex.ru
5; Ефремов; Аркадий; 89718236521; arkadij-efremov1299@list.ru
6; Фомина; Василиса; 89451725924; vasilisa-fomina9854@mail.ru
7; Тимофеев; Владислав; 89165529641; vladislav-timofeev8613@bk.ru
8; Кудрявцева; Оксана; 89478559983; oksana-kudrjavtseva1707@yandex.ru
9; Соловьёва; Светлана; 89034916402; svetlana-soloveva610@list.ru
10; Игнатьева; Нина; 89543026428; nina-ignateva5642@inbox.ru
11; Устинова; Тамара; 89315712009; tamara-ustinova9743@yandex.ru
12; Тимофеева; Варвара; 89219175534; varvara-timofeeva9401@mail.ru
13; Симонова; София; 89873053934; sofija-simonova7345@gmail.com
14; Борисов; Семён; 89786747759; semen-borisov6672@mail.ru
15; Веселов; Иван; 89359413967; ivan-veselov16@list.ru
16; Петухов; Артур; 89868438450; artur-petuhov192@list.ru
17; Ильина; Виктория; 89861654716; viktorija-ilina3467@gmail.com
18; Родионова; Карина; 89671090027; karina-rodionova5241@gmail.com
19; Кондратьев; Игорь; 89451044046; igor-kondratev9883@list.ru
20; Орехова; Инга; 89828807366; inga-orehova2639@gmail.com
21; Большакова; Валерия; 89958356208; valerija-bolshakova8299@list.ru
22; Хохлов; Виктор; 89581153237; viktor-hohlov2659@mail.ru
23; Блинова; Маргарита; 89915971730; margarita-blinova176@inbox.ru
24; Гусева; Мария; 89700238075; marija-guseva8547@list.ru
25; Фролова; Татьяна; 89957781633; tatjana-frolova3565@list.ru
26; Кулакова; Наталья; 89102494005; natalja-kulakova7699@list.ru
27; Дмитриева; Людмила; 89937921472; ljudmila-dmitrieva2525@inbox.ru
28; Жданова; Зоя; 89257812465; zoja-zhdanova3984@yandex.ru
29; Федотов; Артемий; 89910673508; artemij-fedotov9533@mail.ru
30; Титова; Нина; 89377336034; nina-titova3984@mail.ru
31; Казакова; Алина; 89736648664; alina-kazakova985@mail.ru
32; Ситникова; Регина; 89359746035; regina-sitnikova9525@list.ru
33; Шилова; Мария; 89958568179; marija-shilova1351@bk.ru
34; Прохоров; Виталий; 89500703023; vitalij-prohorov8928@bk.ru
35; Терентьева; Василиса; 89745137509; vasilisa-terenteva8352@gmail.com
36; Лукин; Игорь; 89633055010; igor-lukin7543@yandex.ru
37; Блохин; Михаил; 89736057852; mihail-blohin6334@list.ru
38; Беляков; Сергей; 89933008810; sergej-beljakov7362@mail.ru
39; Сафонов; Борис; 89371028644; boris-safonov7689@yandex.ru
40; Антонова; Анастасия; 89183160614; anastasija-antonova4566@yandex.ru
41; Нестеров; Артур; 89346134864; artur-nesterov8086@mail.ru
42; Лапин; Вениамин; 89736881994; veniamin-lapin2874@gmail.com
43; Борисова; Регина; 89556214856; regina-borisova320@gmail.com
44; Гордеев; Афанасий; 89266206599; afanasij-gordeev9178@mail.ru
45; Дорофеева; Ульяна; 89402355651; uljana-dorofeeva4002@list.ru
46; Суворова; Вера; 89042615218; vera-suvorova631@bk.ru
47; Игнатова; Оксана; 89418482148; oksana-ignatova656@yandex.ru
48; Воронова; Евгения; 89853641901; evgenija-voronova928@list.ru
49; Меркушева; Валерия; 89170226177; valerija-merkusheva8122@gmail.com
50; Рогова; Дана; 89294311406; dana-rogova5092@list.ru
51; Данилова; Снежана; 89893312537; snezhana-danilova8017@bk.ru
52; Захаров; Родион; 89248138181; rodion-zaharov1326@mail.ru
53; Денисова; Александра; 89542548779; aleksandra-denisova2245@gmail.com
54; Артемьева; Галина; 89196065652; galina-artemeva3306@mail.ru
55; Колобова; Елизавета; 89141818102; elizaveta-kolobova8179@inbox.ru
56; Белозёров; Богдан; 89285275535; bogdan-belozerov8161@inbox.ru
57; Кулагина; Ирина; 89821077734; irina-kulagina3597@list.ru
58; Бурова; Вероника; 89979819153; veronika-burova7915@inbox.ru
59; Ефремова; Елена; 89448738638; elena-efremova1119@list.ru
60; Фокина; Валерия; 89918201736; valerija-fokina6043@gmail.com
61; Петухов; Тимофей; 89432852072; timofej-petuhov940@mail.ru
62; Фадеев; Антон; 89569552110; anton-fadeev7681@yandex.ru
63; Тарасов; Святослав; 89660150528; svjatoslav-tarasov5118@inbox.ru
64; Афанасьев; Антон; 89601378241; anton-afanasev3291@list.ru
65; Киселёв; Матвей; 89284618191; matvej-kiselev9131@mail.ru
66; Моисеева; Виктория; 89353642615; viktorija-moiseeva5789@bk.ru
67; Куликов; Тимур; 89645131146; timur-kulikov773@list.ru
68; Орехов; Вадим; 89146386807; vadim-orehov4578@bk.ru
69; Кузьмина; Лилия; 89227234898; lilija-kuzmina7874@bk.ru
70; Козлов; Феликс; 89528254815; feliks-kozlov9720@list.ru
71; Баранова; Инна; 89421886441; inna-baranova6373@mail.ru
72; Соболева; Юлия; 89175495206; julija-soboleva2248@bk.ru
73; Кузнецова; Алина; 89799512357; alina-kuznetsova112@mail.ru
74; Зайцева; Анжелика; 89817080322; anzhelika-zajtseva6430@mail.ru
75; Никитина; Оксана; 89435540270; oksana-nikitina2474@mail.ru
76; Кузьмина; Тамара; 89405017652; tamara-kuzmina4564@gmail.com
77; Крылова; Лада; 89049608366; lada-krylova2515@list.ru
78; Куликов; Валерьян; 89906572845; valerjan-kulikov1822@list.ru
79; Казакова; Надежда; 89617537613; nadezhda-kazakova8283@list.ru
80; Фадеев; Марк; 89280902189; mark-fadeev751@list.ru
81; Волкова; Карина; 89147957784; karina-volkova4337@inbox.ru
82; Якушев; Егор; 89492812423; egor-jakushev3903@bk.ru
83; Никонова; Александра; 89974191570; aleksandra-nikonova1775@inbox.ru
84; Герасимова; Анастасия; 89424515080; anastasija-gerasimova1180@inbox.ru
85; Мартынова; Василиса; 89952263204; vasilisa-martynova3780@mail.ru
86; Поляков; Виталий; 89241794386; vitalij-poljakov25@yandex.ru
87; Аксёнова; Карина; 89620175012; karina-aksenova7365@yandex.ru
88; Зимина; Наталья; 89543601157; natalja-zimina6280@list.ru
89; Назарова; Дарья; 89087593130; darja-nazarova1375@mail.ru
90; Герасимова; Оксана; 89560091050; oksana-gerasimova155@bk.ru
91; Быков; Аркадий; 89196624406; arkadij-bykov5072@mail.ru
92; Гришина; Елизавета; 89134029125; elizaveta-grishina3712@gmail.com
93; Чернова; Жанна; 89618071197; zhanna-chernova7354@gmail.com
94; Дроздова; Тамара; 89551958264; tamara-drozdova6069@bk.ru
95; Турова; Оксана; 89415811933; oksana-turova7869@inbox.ru
96; Юдина; Зинаида; 89819194579; zinaida-judina7557@yandex.ru
97; Доронин; Виталий; 89993538357; vitalij-doronin1616@mail.ru
98; Доронин; Николай; 89537482001; nikolaj-doronin1220@inbox.ru
99; Панова; Яна; 89159571538; jana-panova6791@list.ru
100; Титова; Вероника; 89187198064; veronika-titova1671@gmail.com
101; Марков; Владимир; 89791621746; vladimir-markov360@mail.ru
102; Блохина; Любовь; 89284242714; ljubov-blohina1912@gmail.com
103; Трофимов; Георгий; 89255455733; georgij-trofimov5509@list.ru
104; Дмитриев; Тарас; 89171188568; taras-dmitriev4239@inbox.ru
105; Антонова; Римма; 89559039823; rimma-antonova3280@yandex.ru
106; Романова; Ольга; 89930367895; olga-romanova7063@yandex.ru
107; Лаврентьев; Вадим; 89119896507; vadim-lavrentev9190@mail.ru
108; Степанов; Ефим; 89698485672; efim-stepanov1459@yandex.ru
109; Блинова; Оксана; 89697137207; oksana-blinova102@bk.ru
110; Галкин; Андрей; 89559878849; andrej-galkin3456@inbox.ru
111; Блохина; Людмила; 89125998495; ljudmila-blohina5297@mail.ru
112; Бобылёв; Артемий; 89161095706; artemij-bobylev3334@inbox.ru
113; Красильникова; Кира; 89423907300; kira-krasilnikova8407@inbox.ru
114; Крылов; Виталий; 89533564295; vitalij-krylov6441@list.ru
115; Гусева; Ксения; 89480950946; ksenija-guseva44@bk.ru
116; Тетерина; Надежда; 89613788098; nadezhda-teterina7123@gmail.com
117; Денисова; Наталья; 89764881787; natalja-denisova8424@mail.ru
118; Бобылёва; Василиса; 89111060006; vasilisa-bobyleva266@mail.ru
119; Кулагина; Лидия; 89829007103; lidija-kulagina4005@list.ru
120; Савина; Светлана; 89810293965; svetlana-savina8701@inbox.ru
121; Дроздова; Маргарита; 89926848433; margarita-drozdova8374@mail.ru
122; Петухов; Илья; 89971090104; ilja-petuhov9578@bk.ru
123; Константинов; Ефим; 89723203918; efim-konstantinov4561@yandex.ru
124; Мамонтова; Кира; 89141800051; kira-mamontova1968@list.ru
125; Мамонтова; Елена; 89616956558; elena-mamontova7926@gmail.com
126; Селезнёва; Жанна; 89163679708; zhanna-selezneva2659@inbox.ru
127; Горшкова; Маргарита; 89919693217; margarita-gorshkova3571@gmail.com
128; Савельев; Павел; 89586487286; pavel-savelev4195@inbox.ru
129; Голубева; Лилия; 89770562134; lilija-golubeva8730@inbox.ru
130; Егорова; Анна; 89578451971; anna-egorova2017@inbox.ru
131; Шашков; Филипп; 89172261839; filipp-shashkov64@bk.ru
132; Журавлёва; Анжела; 89233936562; anzhela-zhuravleva146@mail.ru
133; Крюкова; Яна; 89532258899; jana-krjukova8588@gmail.com
134; Трофимов; Павел; 89104265415; pavel-trofimov9842@list.ru
135; Блохин; Иван; 89168652843; ivan-blohin4633@bk.ru
136; Шарова; Елизавета; 89081665212; elizaveta-sharova8448@mail.ru
137; Зиновьев; Владислав; 89107032133; vladislav-zinovev483@yandex.ru
138; Маркова; Светлана; 89009360424; svetlana-markova1706@mail.ru
139; Борисова; Кира; 89477708842; kira-borisova3382@yandex.ru
140; Исаков; Афанасий; 89872736464; afanasij-isakov66@list.ru
141; Нестеров; Марк; 89082488590; mark-nesterov785@mail.ru
142; Сидорова; Зоя; 89175475609; zoja-sidorova521@gmail.com
143; Андреева; Оксана; 89912463754; oksana-andreeva4820@yandex.ru
144; Доронин; Вениамин; 89226508361; veniamin-doronin3688@gmail.com
145; Рябова; Людмила; 89330433988; ljudmila-rjabova4315@yandex.ru
146; Шарапова; Вероника; 89549045004; veronika-sharapova8773@gmail.com
147; Максимова; Марина; 89227753358; marina-maksimova3350@list.ru
148; Герасимова; Александра; 89623610442; aleksandra-gerasimova9165@bk.ru
149; Гусева; Юлия; 89928977004; julija-guseva4731@list.ru
150; Карпов; Станислав; 89466111028; stanislav-karpov4725@bk.ru
151; Лукин; Артём; 89598400161; artem-lukin2744@mail.ru
152; Соловьёва; Кира; 89054779547; kira-soloveva5107@bk.ru
153; Евсеева; Любовь; 89796584307; ljubov-evseeva8572@inbox.ru
154; Новиков; Виталий; 89522775673; vitalij-novikov431@inbox.ru
155; Рябова; Яна; 89319773897; jana-rjabova6237@gmail.com
156; Молчанов; Мирослав; 89112227521; miroslav-molchanov7681@bk.ru
157; Пономарёва; Ольга; 89729296190; olga-ponomareva5401@inbox.ru
158; Гурьева; Наталья; 89476500551; natalja-gureva3466@yandex.ru
159; Одинцов; Филипп; 89533180542; filipp-odintsov6980@mail.ru
160; Филиппова; Вера; 89719792269; vera-filippova9801@yandex.ru
161; Трофимов; Филипп; 89497721909; filipp-trofimov3521@inbox.ru
162; Буров; Вениамин; 89294844560; veniamin-burov9397@mail.ru
163; Матвеев; Никита; 89781162479; nikita-matveev3750@gmail.com
164; Макаров; Анатолий; 89559438401; anatolij-makarov3118@bk.ru
165; Родионов; Ефим; 89722155634; efim-rodionov4835@yandex.ru
166; Шубин; Никита; 89546893935; nikita-shubin9985@inbox.ru
167; Лыткина; Мария; 89333479921; marija-lytkina3416@yandex.ru
168; Потапова; Василиса; 89051468476; vasilisa-potapova8126@bk.ru
169; Пономарёва; Кира; 89516540019; kira-ponomareva2166@list.ru
170; Павлов; Лев; 89864778628; lev-pavlov3712@bk.ru
171; Богданова; Дарья; 89783301411; darja-bogdanova1655@mail.ru
172; Бурова; Оксана; 89503841346; oksana-burova7704@inbox.ru
173; Баранов; Игорь; 89678385534; igor-baranov7048@bk.ru
174; Миронова; Людмила; 89106914625; ljudmila-mironova6250@bk.ru
175; Шестакова; Лилия; 89807263104; lilija-shestakova7846@yandex.ru
176; Ильин; Афанасий; 89599468449; afanasij-ilin1791@mail.ru
177; Попов; Фёдор; 89250584531; fedor-popov6656@gmail.com
178; Миронова; Татьяна; 89101252161; tatjana-mironova5040@mail.ru
179; Рожкова; Карина; 89656653253; karina-rozhkova3183@yandex.ru
180; Блинов; Владислав; 89603616195; vladislav-blinov4754@bk.ru
181; Блохин; Матвей; 89188976250; matvej-blohin6228@list.ru
182; Пахомов; Никита; 89854205665; nikita-pahomov3549@mail.ru
183; Суворова; Мария; 89500714867; marija-suvorova4909@gmail.com
184; Ширяев; Тимофей; 89534418376; timofej-shirjaev3952@yandex.ru
185; Бобылёва; Ольга; 89676555136; olga-bobyleva9487@list.ru
186; Белозёрова; Анастасия; 89241757976; anastasija-belozerova7645@list.ru
187; Горшков; Макар; 89890368141; makar-gorshkov3653@yandex.ru
188; Антонов; Иннокентий; 89942631808; innokentij-antonov2464@yandex.ru
189; Романова; Любовь; 89380762662; ljubov-romanova7745@bk.ru
190; Сергеев; Алексей; 89090639700; aleksej-sergeev5189@inbox.ru
191; Смирнов; Матвей; 89771233188; matvej-smirnov8977@gmail.com
192; Жукова; Лидия; 89648955598; lidija-zhukova6978@bk.ru
193; Рыбаков; Феликс; 89366338753; feliks-rybakov9426@gmail.com
194; Бурова; Дана; 89804826820; dana-burova2615@bk.ru
195; Дроздова; Оксана; 89980284007; oksana-drozdova7680@yandex.ru
196; Суворова; Варвара; 89445533005; varvara-suvorova4771@bk.ru
197; Шестакова; Ирина; 89965146365; irina-shestakova7150@inbox.ru
198; Власова; Екатерина; 89652588304; ekaterina-vlasova1654@mail.ru
199; Самойлова; Светлана; 89225259642; svetlana-samojlova9863@inbox.ru
200; Уварова; Анна; 89594742971; anna-uvarova4289@inbox.ru
201; Симонова; Вера; 89888740847; vera-simonova6381@list.ru
202; Ермакова; Кира; 89241804857; kira-ermakova8454@bk.ru
203; Агафонова; Яна; 89759641637; jana-agafonova6848@mail.ru
204; Маркова; Валентина; 89711016582; valentina-markova608@list.ru
205; Самсонова; Анжелика; 89228252295; anzhelika-samsonova1435@bk.ru
206; Федосеев; Станислав; 89524424998; stanislav-fedoseev2905@bk.ru
207; Третьякова; Дарья; 89624445745; darja-tretjakova1349@inbox.ru
208; Шубина; Снежана; 89750054771; snezhana-shubina4540@list.ru
209; Уварова; Александра; 89557178154; aleksandra-uvarova1143@mail.ru
210; Кудряшова; Анжелика; 89088609543; anzhelika-kudrjashova3463@bk.ru
211; Назарова; Ксения; 89782893479; ksenija-nazarova6850@bk.ru
212; Корнилова; Жанна; 89354529123; zhanna-kornilova3615@inbox.ru
213; Шубина; Инга; 89365557172; inga-shubina1664@list.ru
214; Филатова; Елизавета; 89844024928; elizaveta-filatova3801@gmail.com
215; Суворова; Тамара; 89309502347; tamara-suvorova1964@bk.ru
216; Рогов; Феликс; 89972795959; feliks-rogov7909@mail.ru
217; Лыткин; Тарас; 89576657509; taras-lytkin7511@list.ru
218; Капустин; Арсений; 89695402080; arsenij-kapustin1099@bk.ru
219; Носкова; Анжелика; 89263156199; anzhelika-noskova9470@list.ru
220; Игнатьев; Алексей; 89282469389; aleksej-ignatev745@list.ru
221; Уварова; Светлана; 89115842256; svetlana-uvarova3546@bk.ru
222; Соловьёв; Пётр; 89974308811; petr-solovev8865@gmail.com
223; Борисов; Тимофей; 89661781521; timofej-borisov9460@bk.ru
224; Щербакова; Карина; 89192720470; karina-scherbakova7139@bk.ru
225; Артемьев; Феликс; 89354468229; feliks-artemev998@list.ru
226; Рогов; Денис; 89976162201; denis-rogov2308@inbox.ru
227; Горбунова; Анжела; 89024871054; anzhela-gorbunova3559@yandex.ru
228; Павлов; Руслан; 89112388561; ruslan-pavlov8832@bk.ru
229; Макарова; Анжелика; 89480550111; anzhelika-makarova21@mail.ru
230; Антонова; Жанна; 89134866713; zhanna-antonova3668@bk.ru
231; Юдина; Дана; 89920044899; dana-judina1598@bk.ru
232; Кошелев; Святослав; 89286278514; svjatoslav-koshelev3637@gmail.com
233; Авдеева; Надежда; 89637303495; nadezhda-avdeeva7952@gmail.com
234; Матвеев; Вячеслав; 89309161704; vjacheslav-matveev8358@bk.ru
235; Михайлова; Екатерина; 89751294009; ekaterina-mihajlova328@mail.ru
236; Давыдова; Нина; 89531554655; nina-davydova5933@mail.ru
237; Максимова; Валерия; 89225749951; valerija-maksimova7469@list.ru
238; Артемьев; Павел; 89467814441; pavel-artemev6204@inbox.ru
239; Фомина; Ксения; 89122546797; ksenija-fomina3021@list.ru
240; Буров; Владислав; 89873684675; vladislav-burov1731@inbox.ru
241; Владимиров; Дмитрий; 89764857890; dmitrij-vladimirov1549@list.ru
242; Носов; Тимур; 89935050835; timur-nosov4818@inbox.ru
243; Тимофеев; Родион; 89451144997; rodion-timofeev873@yandex.ru
244; Осипова; Людмила; 89596080676; ljudmila-osipova8326@list.ru
245; Коновалова; Вера; 89864081415; vera-konovalova4870@list.ru
246; Колобова; Полина; 89316608586; polina-kolobova995@bk.ru
247; Васильев; Феликс; 89255443779; feliks-vasilev1949@yandex.ru
248; Филатова; Варвара; 89863478526; varvara-filatova1019@list.ru
249; Колобов; Кирилл; 89058576732; kirill-kolobov189@inbox.ru
250; Селезнёва; Жанна; 89535314696; zhanna-selezneva3360@list.ru
251; Матвеева; Ангелина; 89754505805; angelina-matveeva9893@list.ru
252; Евдокимова; Василиса; 89369029925; vasilisa-evdokimova5937@inbox.ru
253; Евдокимов; Демид; 89452153621; demid-evdokimov9640@mail.ru
254; Доронина; Ульяна; 89398601124; uljana-doronina2423@mail.ru
255; Тетерина; Елизавета; 89981559487; elizaveta-teterina78@inbox.ru
256; Шестакова; Людмила; 89901400225; ljudmila-shestakova8846@yandex.ru
257; Герасимов; Валентин; 89154270796; valentin-gerasimov5363@mail.ru
258; Сергеева; Полина; 89514044798; polina-sergeeva4854@inbox.ru
259; Суворова; Ангелина; 89727817459; angelina-suvorova2084@bk.ru
260; Самсонов; Владислав; 89252734795; vladislav-samsonov1220@mail.ru
261; Стрелкова; Зоя; 89258154781; zoja-strelkova7484@gmail.com
262; Брагина; Антонина; 89292174637; antonina-bragina53@mail.ru
263; Кондратьева; Ангелина; 89599943940; angelina-kondrateva9198@bk.ru
264; Ермакова; Варвара; 89281988434; varvara-ermakova3877@list.ru
265; Белякова; Регина; 89278016845; regina-beljakova1010@list.ru
266; Рогов; Борис; 89881970332; boris-rogov9590@inbox.ru
267; Зимина; Маргарита; 89815242235; margarita-zimina8052@mail.ru
268; Орлов; Родион; 89396731107; rodion-orlov5141@bk.ru
269; Овчинникова; Людмила; 89244908008; ljudmila-ovchinnikova4519@yandex.ru
270; Герасимова; Инга; 89869429660; inga-gerasimova3626@inbox.ru
271; Дементьева; Яна; 89656053001; jana-dementeva4394@bk.ru
272; Шарапова; Анна; 89620622418; anna-sharapova21@inbox.ru
273; Котов; Глеб; 89548621869; gleb-kotov5008@gmail.com
274; Наумова; Карина; 89333190252; karina-naumova2134@bk.ru
275; Королёва; Наталья; 89441166867; natalja-koroleva3578@mail.ru
276; Беспалова; Лада; 89796218504; lada-bespalova494@gmail.com
277; Филиппова; Нина; 89358116150; nina-filippova8879@gmail.com
278; Доронина; Инна; 89481769888; inna-doronina1480@yandex.ru
279; Григорьева; Варвара; 89951927103; varvara-grigoreva986@inbox.ru
280; Горшков; Тарас; 89538697776; taras-gorshkov8289@gmail.com
281; Ширяев; Илья; 89661456737; ilja-shirjaev5928@yandex.ru
282; Елисеева; Полина; 89999018551; polina-eliseeva6646@gmail.com
283; Лапина; Оксана; 89968259702; oksana-lapina3819@gmail.com
284; Воронцова; Лада; 89893279696; lada-vorontsova3618@inbox.ru
285; Журавлёв; Иван; 89309053596; ivan-zhuravlev6300@yandex.ru
286; Тетерина; Зоя; 89895160430; zoja-teterina4800@yandex.ru
287; Игнатова; Елизавета; 89110502244; elizaveta-ignatova6756@yandex.ru
288; Баранов; Владислав; 89089725921; vladislav-baranov4577@inbox.ru
289; Русаков; Вениамин; 89115294212; veniamin-rusakov4940@inbox.ru
290; Селезнёва; Вера; 89554794167; vera-selezneva3072@yandex.ru
291; Трофимов; Пётр; 89090139527; petr-trofimov3515@yandex.ru
292; Горбачёв; Фёдор; 89315848297; fedor-gorbachev5933@inbox.ru
293; Мельников; Арсений; 89817175039; arsenij-melnikov8209@bk.ru
294; Панова; Виктория; 89770567001; viktorija-panova538@mail.ru
295; Чернова; Валерия; 89907148129; valerija-chernova7146@gmail.com
296; Архипова; Анна; 89454869082; anna-arhipova1083@inbox.ru
297; Федотова; Любовь; 89784801025; ljubov-fedotova1807@gmail.com
298; Калашникова; Ульяна; 89302886146; uljana-kalashnikova5881@gmail.com
299; Доронин; Денис; 89468019247; denis-doronin6563@list.ru
300; Громов; Анатолий; 89423435418; anatolij-gromov6875@bk.ru
301; Фролова; Наталья; 89266202153; natalja-frolova1878@inbox.ru
302; Ермаков; Вадим; 89425200321; vadim-ermakov6136@inbox.ru
303; Терентьев; Григорий; 89332335724; grigorij-terentev9785@yandex.ru
304; Беляева; Светлана; 89546239152; svetlana-beljaeva1762@inbox.ru
305; Кабанова; Василиса; 89283540607; vasilisa-kabanova9217@gmail.com
306; Лобанова; Лилия; 89490186309; lilija-lobanova8133@gmail.com
307; Соколова; Екатерина; 89677469088; ekaterina-sokolova4194@list.ru
308; Кононов; Виктор; 89457198979; viktor-kononov1302@bk.ru
309; Лазарева; Наталья; 89305242898; natalja-lazareva5969@inbox.ru
310; Блохина; Нина; 89910666819; nina-blohina745@inbox.ru
311; Воронова; Василиса; 89342181759; vasilisa-voronova81@gmail.com
312; Афанасьев; Алексей; 89196600159; aleksej-afanasev7498@bk.ru
313; Попов; Леонид; 89423514607; leonid-popov2346@gmail.com
314; Трофимов; Леонид; 89203653378; leonid-trofimov1946@list.ru
315; Фадеев; Константин; 89660717156; konstantin-fadeev6171@inbox.ru
316; Горбунова; Дарья; 89256348758; darja-gorbunova5326@gmail.com
317; Кудрявцева; Мария; 89423509872; marija-kudrjavtseva2598@list.ru
318; Галкина; Валентина; 89882272311; valentina-galkina4283@list.ru
319; Кудрявцева; Лидия; 89542554532; lidija-kudrjavtseva3091@bk.ru
320; Андреев; Алексей; 89515615567; aleksej-andreev1381@gmail.com
321; Шестакова; Надежда; 89711860714; nadezhda-shestakova5477@list.ru
322; Савин; Марк; 89041820159; mark-savin4938@inbox.ru
323; Суворова; Яна; 89016567430; jana-suvorova690@yandex.ru
324; Капустин; Феликс; 89340747587; feliks-kapustin4773@inbox.ru
325; Мамонтова; Зоя; 89353616505; zoja-mamontova180@bk.ru
326; Владимирова; Ольга; 89302329953; olga-vladimirova7110@inbox.ru
327; Анисимова; Наталья; 89308006377; natalja-anisimova275@gmail.com
328; Артемьева; Мария; 89761580298; marija-artemeva2372@yandex.ru
329; Самойлов; Владимир; 89110020232; vladimir-samojlov8781@inbox.ru
330; Крюков; Семён; 89470581913; semen-krjukov5076@list.ru
331; Гришин; Егор; 89576877586; egor-grishin5997@yandex.ru
332; Дроздова; Елена; 89707334950; elena-drozdova443@yandex.ru
333; Мухина; Тамара; 89273023060; tamara-muhina9016@yandex.ru
334; Бобылёва; Нина; 89217485009; nina-bobyleva9701@list.ru
